ID,Gene,Variation,Class
0,447,7654,1
1,216,8255,2
2,216,5191,2
3,216,4572,3
4,216,3958,4
5,216,7898,4
6,216,7913,5
7,216,1350,1
8,216,8435,4
9,216,716,4
10,216,4939,4
11,216,3483,4
12,216,6206,4
13,216,713,4
14,216,4961,5
15,216,1128,4
16,216,7654,1
17,216,5236,4
18,216,4319,5
19,216,8436,4
20,216,3081,6
21,216,721,4
22,216,2518,4
23,216,7042,4
24,216,4953,4
25,216,3005,4
26,1211,6993,4
27,1353,8566,4
28,1353,625,7
29,1353,3008,4
30,1353,3072,4
31,1353,5113,7
32,1353,5062,4
33,1353,493,2
34,1353,647,7
35,349,2257,4
36,349,2256,4
37,349,955,1
38,349,954,1
39,349,1428,4
40,349,976,4
41,349,7654,1
42,349,1429,4
43,349,1350,1
44,1082,7292,4
45,1082,8010,1
46,1082,7622,4
47,1082,421,1
48,1082,5112,4
49,1082,5461,4
50,1082,169,1
51,1082,8399,1
52,1082,1333,4
53,1082,4595,1
54,1082,1920,1
55,1082,4102,1
56,1082,8094,4
57,1082,8449,1
58,1082,2033,1
59,1082,5336,1
60,1082,6245,1
61,1082,5405,4
62,1082,16,4
63,1082,5318,4
64,1082,7564,1
65,1082,3435,1
66,1082,4416,4
67,1124,8428,7
68,1124,8430,7
69,1124,8429,7
70,1213,1350,1
71,223,493,2
72,1095,3833,1
73,1095,3675,4
74,1095,1350,1
75,224,493,2
76,224,4871,2
77,224,5204,7
78,224,7409,7
79,224,7408,7
80,224,3224,2
81,224,3225,2
82,1128,448,7
83,1128,447,7
84,1128,449,2
85,1128,4388,7
86,225,493,7
87,225,4683,7
88,1159,7654,1
89,1360,4576,4
90,1360,6301,1
91,1360,735,4
92,1360,2650,4
93,1360,5084,4
94,1360,6940,1
95,1360,7050,4
96,1360,7641,4
97,1361,6363,2
98,1361,1132,4
99,1361,5007,4
100,1361,7654,1
101,1361,1350,1
102,827,6692,4
103,827,6725,1
104,827,1382,4
105,827,7276,1
106,827,2548,5
107,827,1350,1
108,827,5348,1
109,827,5359,5
110,827,7654,1
111,827,7941,5
112,827,1768,4
113,827,1824,4
114,827,1825,4
115,715,1350,1
116,715,7654,1
117,731,7654,4
118,960,7654,1
119,960,1350,1
120,960,4437,4
121,1199,3591,8
122,1199,6455,9
123,1199,1667,9
124,1199,3048,9
125,1199,6456,9
126,1199,3584,9
127,1199,3049,9
128,1199,6458,9
129,1199,3587,9
130,1199,6459,9
131,1199,1668,9
132,1199,6457,9
133,1199,3585,9
134,1199,3586,9
135,1199,3590,9
136,1199,6710,9
137,732,1350,4
138,389,4126,7
139,389,7193,2
140,389,3286,5
141,389,1276,7
142,389,2747,7
143,389,2758,7
144,389,4651,7
145,389,3512,2
146,389,1720,7
147,389,1272,7
148,389,2753,7
149,389,3594,7
150,389,1780,7
151,389,8046,2
152,389,1779,7
153,389,4159,2
154,389,3070,5
155,389,1723,2
156,389,3059,7
157,389,7586,2
158,389,4116,7
159,389,1696,2
160,389,1266,2
161,389,3604,2
162,389,3060,2
163,389,8078,4
164,389,1778,7
165,389,1273,7
166,389,1712,7
167,389,461,7
168,389,1710,2
169,389,1813,7
170,389,1782,7
171,389,457,2
172,389,1695,2
173,389,1738,7
174,389,438,7
175,389,8050,7
176,389,2784,7
177,389,6624,2
178,389,5060,2
179,389,2806,2
180,389,2750,7
181,389,4118,2
182,389,7605,2
183,389,4097,2
184,389,439,7
185,389,8036,2
186,389,1711,2
187,389,4123,7
188,389,1812,7
189,389,7197,7
190,389,801,7
191,389,7236,6
192,389,4660,2
193,389,3063,7
194,389,3061,7
195,389,4120,7
196,389,802,3
197,389,1816,7
198,389,1814,7
199,389,4100,4
200,389,4166,7
201,389,4115,2
202,389,4659,7
203,389,4121,7
204,389,493,7
205,389,4160,2
206,389,4125,7
207,389,5355,7
208,389,8053,2
209,389,7155,2
210,389,4161,7
211,389,1776,7
212,389,4119,7
213,389,8054,2
214,389,3062,7
215,389,1709,2
216,389,4165,2
217,389,3593,4
218,389,1717,7
219,389,4117,2
220,389,7106,8
221,389,7199,7
222,389,1305,2
223,389,4167,7
224,389,2749,2
225,389,1697,7
226,389,441,7
227,389,7202,7
228,389,8556,7
229,389,3325,7
230,389,8040,7
231,389,1713,7
232,389,4122,7
233,389,7588,7
234,389,4099,2
235,389,7608,7
236,389,443,7
237,389,1754,4
238,389,1781,7
239,389,7200,7
240,389,1719,7
241,389,1706,7
242,389,6588,7
243,389,7395,7
244,389,7606,7
245,389,437,7
246,389,4152,7
247,389,5069,2
248,389,442,2
249,389,2811,2
250,389,3337,4
251,389,4150,7
252,389,6020,7
253,389,8048,2
254,389,8243,7
255,389,1760,7
256,389,7457,7
257,389,2748,2
258,389,1546,7
259,389,7088,2
260,389,6634,1
261,389,1275,7
262,389,1714,7
263,389,6587,7
264,389,1755,7
265,389,5085,5
266,389,4164,2
267,389,2789,7
268,389,1777,2
269,389,1693,2
270,389,1694,7
271,389,5032,2
272,389,1692,7
273,389,1212,7
274,389,2810,7
275,389,4151,2
276,389,1715,7
277,389,8075,7
278,389,2604,2
279,887,3359,2
280,887,7651,2
281,887,493,7
282,887,2076,2
283,887,7650,2
284,887,271,7
285,392,35,7
286,109,1350,1
287,109,7654,1
288,185,493,7
289,185,503,7
290,599,6747,1
291,418,1350,1
292,254,3479,4
293,254,3150,6
294,254,1415,4
295,254,5086,3
296,254,7065,1
297,254,5388,4
298,254,1539,4
299,951,493,7
300,1380,7643,7
301,1380,7645,2
302,1380,7644,2
303,1380,7597,3
304,1380,2076,2
305,1380,4235,3
306,583,2498,8
307,583,3456,8
308,583,2499,8
309,399,3218,1
310,399,6034,1
311,399,7010,5
312,399,6996,5
313,399,7654,1
314,399,3466,5
315,1138,6891,2
316,1138,493,2
317,1138,999,2
318,1138,6892,2
319,1138,1806,7
320,1138,3786,2
321,1138,6740,7
322,1138,4191,2
323,1138,7786,2
324,1138,2293,2
325,1138,2282,2
326,1138,3616,2
327,1138,7246,7
328,1138,3787,6
329,1138,4403,2
330,1138,2076,2
331,1138,4193,7
332,1138,7244,7
333,1138,7640,2
334,1138,2302,2
335,1138,858,2
336,1138,854,7
337,1138,612,2
338,1138,851,2
339,1138,1451,2
340,1138,2072,7
341,123,7654,1
342,233,6551,1
343,233,1350,1
344,233,395,4
345,233,1039,4
346,233,403,4
347,233,239,1
348,233,7453,4
349,233,1043,1
350,233,1807,1
351,404,3,4
352,402,2076,2
353,402,8317,4
354,402,5564,4
355,402,562,4
356,402,1785,7
357,402,928,4
358,402,1784,7
359,402,1350,1
360,402,4735,4
361,403,7,2
362,403,5009,2
363,403,364,2
364,403,5010,2
365,403,363,2
366,403,8495,2
367,403,5008,2
368,403,6,2
369,1390,6912,4
370,1390,5912,4
371,1390,5707,1
372,1390,2921,4
373,1390,3379,4
374,1390,666,1
375,1390,5960,1
376,1390,6053,1
377,1390,4866,4
378,1390,8372,4
379,1390,668,1
380,1390,6941,4
381,1390,7749,4
382,1390,5224,1
383,1390,2873,6
384,1390,4813,4
385,1390,5842,4
386,1390,7828,1
387,1390,5623,1
388,1390,5839,4
389,1390,6781,2
390,1390,8361,4
391,1390,4742,1
392,1390,5644,4
393,1390,6049,4
394,1390,3381,4
395,1390,2345,1
396,1390,5624,4
397,1390,5646,1
398,1390,2342,4
399,1390,6938,1
400,1390,5908,1
401,1390,1473,6
402,1390,5222,1
403,1390,8360,4
404,1390,6061,4
405,1390,637,1
406,1390,638,4
407,1390,557,1
408,1390,4281,1
409,1390,7779,1
410,1390,6782,6
411,1390,6939,1
412,1390,1346,4
413,1390,5836,1
414,1390,2953,1
415,1390,3914,1
416,1390,4739,4
417,1390,7654,1
418,1390,5365,1
419,1390,594,4
420,1390,2923,4
421,1390,667,1
422,1390,3923,1
423,1390,5891,1
424,1390,5535,4
425,1390,986,1
426,1390,664,4
427,1390,1513,1
428,1390,1347,4
429,1390,7722,4
430,1390,8376,4
431,1390,6051,1
432,1390,5739,4
433,1390,5933,4
434,1390,5366,1
435,1390,5841,1
436,1390,2912,1
437,1390,5959,1
438,1390,2933,4
439,1390,4502,4
440,1390,3928,1
441,1390,4216,1
442,1390,2919,4
443,1390,2341,4
444,1390,4898,1
445,1390,2978,5
446,1390,7825,1
447,1390,2340,1
448,1390,2347,4
449,1390,3927,1
450,1390,8326,4
451,1390,2920,1
452,1390,4499,4
453,1390,2914,4
454,1390,1514,4
455,1390,3208,1
456,1390,5543,4
457,1390,103,1
458,1390,4863,1
459,1390,5840,4
460,1390,1952,1
461,1390,3460,1
462,1390,2371,4
463,1390,2922,4
464,1390,566,1
465,1390,7706,1
466,1390,1542,4
467,1390,626,1
468,1390,3458,1
469,1390,5137,1
470,1390,5838,1
471,1390,4844,1
472,1390,278,1
473,1390,7723,1
474,1390,3204,1
475,1390,1853,1
476,1390,4741,1
477,1390,2287,1
478,1390,3155,1
479,1390,556,4
480,1390,1348,4
481,1390,102,4
482,1390,2469,3
483,1390,7751,4
484,1390,5544,4
485,1390,2932,4
486,1390,5625,4
487,1390,4984,3
488,1390,5930,1
489,1390,5934,1
490,1390,3459,2
491,1390,8374,4
492,1390,5837,1
493,1390,5534,1
494,1390,8375,4
495,1390,7303,1
496,1390,3922,4
497,1390,2960,1
498,1390,4864,4
499,1390,3457,1
500,1390,1495,1
501,1390,6942,4
502,1390,630,4
503,1390,1905,6
504,1390,5940,1
505,1390,5890,2
506,1390,2952,1
507,1390,7281,5
508,1390,6911,1
509,1390,5938,1
510,1390,5910,4
511,1390,2343,1
512,1390,558,9
513,1390,5942,1
514,1390,5645,4
515,1390,4738,1
516,1390,1949,1
517,1390,8371,4
518,1390,4737,4
519,1390,5909,1
520,1390,7778,1
521,1390,1515,4
522,1390,3380,4
523,1390,3181,1
524,1390,2492,6
525,1390,5542,1
526,1390,2951,1
527,1390,631,4
528,1390,3705,4
529,1390,4865,4
530,1390,6052,1
531,1390,2370,1
532,1391,7654,1
533,1391,1350,1
534,1275,6016,4
535,1275,4892,1
536,1275,1954,5
537,1275,7860,1
538,1275,8185,5
539,1275,1350,4
540,1275,1162,1
541,1275,8446,6
542,1275,3497,1
543,1275,7490,1
544,1275,6980,1
545,1275,1074,1
546,1275,3480,6
547,1275,4558,6
548,1275,8454,1
549,1275,6214,6
550,1275,1075,1
551,1275,6000,1
552,1275,1163,1
553,1276,8408,1
554,1276,3472,1
555,1276,7880,1
556,1276,1046,4
557,1276,6112,1
558,1276,5951,4
559,1276,1350,1
560,1276,8406,1
561,1276,8378,1
562,1276,5820,1
563,1276,6113,4
564,1276,5963,1
565,1276,1481,4
566,1276,1137,4
567,1276,8444,1
568,1276,8195,1
569,1276,1136,4
570,1276,5893,4
571,1276,1135,4
572,1276,7830,4
573,1276,7063,4
574,1276,8377,3
575,1276,4910,4
576,1277,1189,4
577,1277,8214,6
578,1277,3523,1
579,1277,1190,4
580,1277,2639,1
581,1277,6120,1
582,1277,6230,5
583,1277,6095,4
584,1277,3981,1
585,1277,7654,1
586,1277,6314,4
587,1277,6342,4
588,1277,8192,6
589,1277,2563,4
590,1277,6204,5
591,1277,8490,6
592,1277,7932,6
593,1277,1175,1
594,1277,7886,1
595,1277,5325,4
596,1277,4721,4
597,1277,1350,4
598,1277,3522,1
599,1277,1545,1
600,1277,3503,1
601,1277,6313,4
602,1277,1546,4
603,1277,691,1
604,1277,8427,1
605,1277,1111,4
606,1277,365,4
607,1277,1112,4
608,1277,2889,1
609,236,493,7
610,236,5843,7
611,236,3437,7
612,138,4683,2
613,237,154,4
614,237,493,7
615,457,6259,4
616,457,7129,3
617,457,6283,4
618,457,7086,5
619,457,6929,4
620,457,1180,1
621,457,6284,4
622,457,6282,4
623,457,6487,1
624,457,6327,4
625,457,6516,1
626,457,3377,1
627,457,7361,2
628,457,6328,4
629,457,1350,1
630,457,3247,5
631,457,864,4
632,457,2568,1
633,457,6291,4
634,238,493,7
635,240,1350,1
636,240,7654,1
637,240,7004,6
638,241,1350,4
639,241,4724,1
640,241,7668,6
641,241,7654,1
642,242,5254,4
643,242,4698,4
644,242,1690,4
645,242,2729,4
646,242,4181,4
647,242,1316,4
648,242,5253,4
649,242,7682,4
650,242,7654,1
651,242,1317,4
652,242,4349,4
653,242,7604,4
654,242,4647,4
655,242,2730,4
656,242,4649,4
657,242,6608,1
658,242,1319,4
659,242,1263,4
660,242,1264,4
661,242,5080,4
662,242,3910,4
663,242,883,1
664,242,1350,4
665,242,2498,4
666,242,1320,4
667,242,4648,4
668,242,5845,4
669,242,6734,4
670,242,87,6
671,242,2333,4
672,242,6607,4
673,242,2496,4
674,242,3066,4
675,242,299,4
676,242,4988,4
677,242,884,1
678,242,5082,4
679,242,2081,4
680,242,380,4
681,242,6656,4
682,242,3065,4
683,242,1318,4
684,242,4699,4
685,242,3288,4
686,242,5373,4
687,242,7134,4
688,242,6600,4
689,242,391,4
690,242,6657,4
691,242,1761,4
692,242,2840,4
693,242,7676,4
694,243,7654,1
695,243,1350,4
696,243,3086,4
697,243,1549,4
698,243,4949,4
699,243,1325,4
700,243,203,4
701,244,1350,1
702,122,1350,1
703,407,1741,6
704,407,4014,5
705,407,6508,2
706,407,7611,2
707,407,1280,2
708,407,8018,7
709,407,7195,5
710,407,8072,6
711,407,4168,7
712,407,804,6
713,407,3327,7
714,407,6743,6
715,407,1701,6
716,407,3596,6
717,407,1702,6
718,407,8552,7
719,407,2775,7
720,407,6998,7
721,407,7014,2
722,407,4138,6
723,407,4174,6
724,407,696,7
725,407,2778,7
726,407,2723,7
727,407,8055,2
728,407,3597,4
729,407,8074,7
730,407,8042,5
731,407,4533,5
732,407,1818,7
733,407,8052,2
734,407,1700,6
735,407,3595,4
736,407,7591,2
737,407,8563,1
738,407,7158,7
739,407,4378,7
740,407,1269,7
741,407,4109,7
742,407,3073,7
743,407,1817,7
744,407,493,7
745,407,4131,7
746,407,1297,2
747,407,2436,7
748,407,1499,2
749,407,1270,7
750,407,7610,8
751,407,4130,7
752,407,8303,4
753,407,5073,2
754,407,8056,7
755,407,7201,6
756,407,1268,4
757,407,685,7
758,407,2777,7
759,407,1058,2
760,407,5496,5
761,407,2438,7
762,407,1538,7
763,407,4108,2
764,407,8057,5
765,407,8557,6
766,407,4664,2
767,407,1314,4
768,407,2779,7
769,407,6999,7
770,407,8059,2
771,407,2776,7
772,408,7221,7
773,408,33,6
774,408,2398,7
775,408,4854,7
776,408,8033,5
777,408,7478,7
778,408,493,7
779,408,5311,7
780,408,6495,6
781,408,196,7
782,408,7661,7
783,409,1598,7
784,409,1805,7
785,409,5996,7
786,409,1650,7
787,409,7876,3
788,409,7387,3
789,409,8402,7
790,409,6368,7
791,409,4387,6
792,409,1219,7
793,409,2076,2
794,409,4467,3
795,409,6627,6
796,409,2782,6
797,409,2837,6
798,409,1532,7
799,409,1637,7
800,409,1756,7
801,409,3612,7
802,409,1747,7
803,410,2726,1
804,410,1662,1
805,410,425,1
806,410,4501,1
807,410,493,2
808,410,7191,1
809,410,6463,1
810,410,1226,1
811,410,1178,1
812,410,7948,1
813,410,6302,1
814,410,4977,1
815,410,3991,1
816,410,6427,5
817,410,8383,1
818,410,1147,1
819,410,2006,1
820,410,7810,1
821,410,6436,1
822,186,282,1
823,186,4983,4
824,186,4301,6
825,186,5609,4
826,186,7654,1
827,186,1350,1
828,186,3532,4
829,411,5357,4
830,411,7654,1
831,412,6517,4
832,412,1350,1
833,412,1757,4
834,412,3829,4
835,412,7654,1
836,412,7203,4
837,19,498,7
838,19,3849,2
839,19,2356,2
840,19,4284,2
841,19,2076,2
842,19,1550,2
843,19,3947,2
844,19,1509,2
845,19,1602,2
846,19,1940,2
847,19,8386,7
848,19,7430,2
849,19,1506,2
850,19,1494,2
851,19,1493,2
852,19,3002,2
853,19,8387,2
854,19,7844,2
855,19,3946,2
856,19,7893,2
857,19,4311,2
858,19,7837,2
859,19,5193,2
860,19,1943,2
861,19,3003,2
862,19,1959,2
863,245,7654,1
864,416,7642,7
865,416,1797,7
866,416,2075,7
867,416,2076,2
868,600,10,1
869,600,7654,1
870,601,7654,1
871,969,751,7
872,969,400,2
873,969,6288,5
874,969,3067,7
875,969,4721,5
876,969,3617,7
877,969,4665,3
878,969,5272,7
879,969,6565,7
880,969,6634,7
881,969,754,7
882,969,4638,7
883,969,3032,3
884,969,8505,7
885,969,7139,7
886,969,1773,3
887,969,7947,7
888,969,7100,5
889,969,3332,7
890,969,3045,7
891,969,2797,3
892,969,401,3
893,969,7978,7
894,969,3303,3
895,969,8440,7
896,969,7975,2
897,969,1313,7
898,969,3607,3
899,969,1311,7
900,969,7131,7
901,969,1308,7
902,969,4639,7
903,969,3621,7
904,969,8568,7
905,969,3330,3
906,969,880,3
907,969,2804,7
908,969,1309,7
909,969,7578,2
910,969,5027,7
911,969,1530,7
912,969,493,7
913,969,8181,1
914,969,1315,7
915,969,4663,7
916,969,3333,7
917,969,4019,5
918,969,4640,7
919,969,7976,7
920,969,755,7
921,969,3068,7
922,969,7253,7
923,969,1310,7
924,969,8567,7
925,969,501,7
926,969,9,7
927,969,1792,7
928,969,8016,7
929,969,7950,7
930,969,2039,4
931,970,3615,7
932,970,6729,1
933,970,4680,2
934,970,2854,2
935,970,2853,2
936,970,8269,2
937,970,7646,2
938,970,2076,2
939,970,5109,2
940,970,1775,7
941,970,491,2
942,970,493,6
943,970,1360,1
944,970,5108,2
945,970,502,2
946,970,6392,6
947,970,857,2
948,970,2852,2
949,970,7249,2
950,970,3084,7
951,970,3618,2
952,970,1793,7
953,970,8019,4
954,1111,7654,1
955,1111,1350,1
956,1111,7879,4
957,694,1131,4
958,694,4985,4
959,694,7665,4
960,694,4683,2
961,694,4271,4
962,421,2076,2
963,421,7946,3
964,421,4028,7
965,421,3995,7
966,421,7087,2
967,421,1563,7
968,421,369,7
969,421,1788,7
970,421,4029,7
971,421,4027,7
972,421,7908,7
973,421,1787,7
974,421,4030,7
975,421,7066,3
976,421,8496,7
977,421,8498,7
978,426,7643,7
979,426,2076,2
980,426,1798,7
981,427,6197,4
982,427,6103,1
983,427,2076,2
984,427,4809,4
985,427,6104,1
986,427,4,4
987,427,1790,7
988,427,1791,7
989,1411,4276,4
990,1411,1870,4
991,1411,3606,5
992,1411,7030,4
993,1411,3652,4
994,1411,3050,1
995,1411,5831,3
996,1411,7493,3
997,1411,2431,3
998,1411,4477,4
999,1411,7794,1
1000,1411,2863,4
1001,1411,7654,1
1002,1411,2430,3
1003,1411,7685,4
1004,1411,2942,4
1005,1411,2083,3
1006,1411,3783,4
1007,1411,3771,4
1008,1411,5360,3
1009,650,1350,4
1010,1412,6748,1
1011,1412,2200,1
1012,1412,3965,4
1013,1412,7843,1
1014,1412,2907,4
1015,1412,7654,1
1016,1412,3728,1
1017,1412,5144,1
1018,1412,7315,4
1019,1412,3034,4
1020,1412,1409,4
1021,1412,7273,4
1022,1412,7738,1
1023,1412,8027,4
1024,1412,4754,4
1025,1412,2206,1
1026,1412,6680,4
1027,1412,6679,4
1028,1412,7737,1
1029,1412,6444,4
1030,1412,4149,4
1031,1412,6848,4
1032,1412,6678,4
1033,1412,6847,4
1034,1412,8047,4
1035,1412,5142,1
1036,1412,1350,1
1037,1412,470,4
1038,1412,8122,1
1039,1412,6253,1
1040,1412,5401,4
1041,1412,4142,4
1042,1412,4011,1
1043,1412,4009,7
1044,1412,814,4
1045,1412,4145,1
1046,1412,394,4
1047,1412,3707,1
1048,1412,6443,4
1049,1412,6828,1
1050,1412,2022,1
1051,1412,8516,1
1052,1412,8026,4
1053,1412,4155,1
1054,1412,3985,1
1055,1412,4758,1
1056,1412,1724,1
1057,430,1800,2
1058,430,1804,7
1059,430,1796,7
1060,430,1798,7
1061,430,2076,2
1062,430,1801,7
1063,430,1802,7
1064,430,1795,2
1065,430,1799,2
1066,430,1794,2
1067,430,1803,7
1068,30,5714,7
1069,30,2462,2
1070,30,2464,7
1071,485,2816,1
1072,485,3948,1
1073,485,1350,1
1074,485,7076,2
1075,485,3988,1
1076,485,1975,1
1077,485,493,7
1078,485,4287,1
1079,786,493,7
1080,107,7654,1
1081,434,8534,9
1082,434,8532,9
1083,434,8533,9
1084,434,8531,9
1085,434,8535,9
1086,434,413,9
1087,434,4683,7
1088,434,493,7
1089,787,493,7
1090,708,3493,2
1091,1158,6947,6
1092,1158,6950,6
1093,773,7299,1
1094,773,7654,6
1095,773,1378,5
1096,773,7602,1
1097,142,7654,1
1098,152,1350,1
1099,152,480,4
1100,152,1687,4
1101,152,839,4
1102,152,7654,1
1103,152,1880,4
1104,152,3283,4
1105,152,838,4
1106,152,2041,4
1107,795,1350,4
1108,448,7223,4
1109,448,6753,1
1110,448,7654,1
1111,448,3022,4
1112,448,8489,4
1113,448,1350,1
1114,448,3868,4
1115,448,8136,4
1116,448,3809,4
1117,449,7654,1
1118,797,8272,7
1119,797,6722,6
1120,797,8280,2
1121,797,7675,7
1122,797,1839,7
1123,797,4550,6
1124,797,7667,7
1125,797,8300,7
1126,797,8281,7
1127,797,493,7
1128,797,3656,7
1129,797,8278,7
1130,797,868,2
1131,797,2869,7
1132,797,8274,7
1133,797,4683,7
1134,797,8279,2
1135,797,8302,7
1136,797,2867,7
1137,797,870,2
1138,797,12,7
1139,797,869,2
1140,797,8273,7
1141,797,2868,7
1142,797,4210,7
1143,797,5110,2
1144,797,2871,2
1145,797,8301,7
1146,797,1425,7
1147,797,7663,7
1148,797,11,7
1149,797,4414,7
1150,797,7633,7
1151,1429,7023,9
1152,1429,5146,9
1153,1429,7024,9
1154,714,7035,5
1155,714,107,4
1156,714,7654,1
1157,714,1350,1
1158,452,1350,4
1159,452,336,1
1160,452,4964,1
1161,452,7654,1
1162,108,1350,1
1163,108,7654,1
1164,997,6146,7
1165,997,3234,5
1166,997,2090,2
1167,997,3371,7
1168,997,6665,7
1169,997,5354,7
1170,997,4200,7
1171,997,1636,6
1172,997,2093,7
1173,997,1109,7
1174,997,1643,7
1175,997,7871,2
1176,997,1731,6
1177,997,4410,7
1178,997,6697,2
1179,997,4408,7
1180,997,1365,5
1181,997,7872,6
1182,997,7256,7
1183,997,736,7
1184,997,3372,2
1185,997,5284,5
1186,997,4542,2
1187,997,1642,7
1188,997,1556,7
1189,997,1743,2
1190,997,5265,7
1191,997,5266,7
1192,997,1637,7
1193,997,3055,5
1194,997,6699,7
1195,997,2860,7
1196,997,5264,7
1197,997,24,5
1198,997,493,2
1199,997,4970,7
1200,997,2859,7
1201,997,4969,7
1202,997,5012,7
1203,997,15,5
1204,997,2833,2
1205,997,1638,2
1206,997,5267,7
1207,997,1653,2
1208,997,873,2
1209,997,5386,5
1210,997,2094,2
1211,997,2122,7
1212,997,1640,7
1213,997,2861,7
1214,997,1599,2
1215,997,712,2
1216,997,1641,7
1217,997,3255,5
1218,997,1639,7
1219,997,4201,7
1220,998,4616,2
1221,998,1645,7
1222,998,485,2
1223,998,6305,2
1224,998,2076,2
1225,998,877,7
1226,998,878,7
1227,998,1678,2
1228,998,1355,2
1229,998,876,7
1230,1004,3784,1
1231,1004,4661,1
1232,1004,3051,2
1233,1004,1371,6
1234,1004,1395,6
1235,1004,1386,6
1236,1004,8500,6
1237,1004,4710,5
1238,999,1630,7
1239,999,4538,7
1240,999,1352,7
1241,1492,2076,2
1242,1492,493,7
1243,1492,8584,2
1244,1492,8583,2
1245,1000,7547,4
1246,1000,2519,4
1247,1000,8276,4
1248,1000,3939,1
1249,1000,1468,1
1250,1000,1350,1
1251,1000,3302,4
1252,1000,4619,4
1253,1000,8147,1
1254,1000,1389,1
1255,1000,1413,4
1256,1000,5273,4
1257,1000,8277,1
1258,1000,1200,4
1259,1000,3482,4
1260,1000,6409,4
1261,1000,8275,4
1262,1000,3508,4
1263,1000,3454,1
1264,1000,5561,1
1265,1000,6073,4
1266,1000,5875,1
1267,1000,4621,4
1268,1000,1594,4
1269,1001,2514,7
1270,1001,3481,6
1271,1001,493,2
1272,1001,4618,7
1273,1001,1199,1
1274,1001,430,5
1275,1001,114,7
1276,1001,6978,5
1277,110,7654,1
1278,617,2159,7
1279,617,2178,2
1280,617,493,2
1281,617,83,7
1282,617,3374,7
1283,617,5286,2
1284,617,2180,2
1285,617,2181,2
1286,617,84,2
1287,617,5288,7
1288,617,5287,7
1289,617,3373,2
1290,617,7553,2
1291,617,1935,7
1292,617,2177,2
1293,617,2153,2
1294,617,5179,2
1295,617,2158,7
1296,617,8537,2
1297,617,4916,2
1298,617,2154,2
1299,617,386,2
1300,808,4037,1
1301,808,5885,1
1302,808,5322,4
1303,808,4359,6
1304,808,32,1
1305,808,5052,6
1306,808,5884,4
1307,808,6490,6
1308,808,2080,1
1309,808,8034,5
1310,808,1431,6
1311,808,7940,6
1312,808,6488,4
1313,808,5298,5
1314,808,6569,1
1315,808,7270,4
1316,808,2729,1
1317,808,8239,4
1318,808,5754,5
1319,808,3193,5
1320,808,6547,6
1321,808,5050,6
1322,808,5049,4
1323,808,7654,1
1324,808,50,4
1325,808,7896,5
1326,808,6300,1
1327,808,2731,4
1328,808,4076,6
1329,808,4052,6
1330,808,3564,5
1331,808,4042,6
1332,808,6489,1
1333,808,4127,6
1334,808,7618,4
1335,466,493,6
1336,467,493,6
1337,712,493,6
1338,712,7654,1
1339,712,2076,2
1340,57,1502,2
1341,57,3903,7
1342,57,5282,3
1343,57,1578,7
1344,57,3421,8
1345,57,3937,3
1346,57,7821,7
1347,57,6105,2
1348,57,4025,7
1349,57,1618,7
1350,57,1440,7
1351,57,5307,7
1352,57,2442,8
1353,57,4139,7
1354,57,5308,7
1355,57,7822,7
1356,57,4963,5
1357,57,3489,5
1358,57,8256,7
1359,57,1099,5
1360,57,7348,7
1361,57,1093,7
1362,57,3428,7
1363,57,4602,7
1364,57,1091,7
1365,57,5813,7
1366,57,3800,3
1367,57,825,2
1368,58,1097,7
1369,58,3422,9
1370,58,3222,7
1371,58,5599,7
1372,58,6101,7
1373,58,2211,9
1374,58,2076,2
1375,58,2992,7
1376,58,493,7
1377,58,1440,7
1378,58,1129,7
1379,470,2060,7
1380,470,217,5
1381,470,856,7
1382,470,8588,7
1383,470,1685,1
1384,470,493,7
1385,470,2059,7
1386,470,3579,7
1387,470,2076,2
1388,470,499,7
1389,470,1786,7
1390,470,4606,7
1391,470,863,7
1392,472,2529,2
1393,472,356,5
1394,472,3572,7
1395,472,1230,1
1396,472,3577,2
1397,472,1240,7
1398,472,3357,7
1399,472,4604,7
1400,472,1239,7
1401,472,8536,2
1402,472,3575,2
1403,472,7039,7
1404,472,1673,5
1405,472,3576,2
1406,472,5834,7
1407,472,3524,6
1408,472,8022,5
1409,472,2718,1
1410,472,2070,7
1411,472,1242,5
1412,472,791,5
1413,472,3044,5
1414,472,6496,7
1415,472,3295,7
1416,472,1604,5
1417,472,1971,5
1418,472,493,7
1419,472,2517,7
1420,472,2736,5
1421,472,7957,7
1422,472,8437,7
1423,472,6952,7
1424,472,309,7
1425,472,3573,2
1426,472,3574,2
1427,472,2512,7
1428,472,4636,5
1429,472,2076,2
1430,472,2527,7
1431,1299,1852,4
1432,1299,4208,4
1433,1299,5410,4
1434,1299,929,4
1435,1299,8571,4
1436,1299,5096,4
1437,1299,8114,1
1438,1299,8115,4
1439,1299,6773,4
1440,1299,7209,4
1441,1299,2769,4
1442,1299,3395,1
1443,1299,1623,4
1444,1299,1851,4
1445,1299,8572,4
1446,1299,915,1
1447,1299,4522,1
1448,1299,1820,4
1449,1299,4207,4
1450,1299,7654,1
1451,471,5853,1
1452,471,3529,1
1453,471,1705,7
1454,471,8439,7
1455,471,3582,7
1456,471,2076,2
1457,471,7590,5
1458,471,2067,2
1459,471,8044,5
1460,471,2377,1
1461,471,4135,6
1462,471,5708,7
1463,471,1651,7
1464,471,2061,7
1465,471,407,1
1466,471,4609,7
1467,471,4847,7
1468,471,2739,6
1469,471,7454,7
1470,471,2069,7
1471,471,4608,7
1472,471,6956,7
1473,471,2062,7
1474,471,7813,6
1475,471,3531,2
1476,471,4071,7
1477,471,3311,1
1478,471,4346,7
1479,471,3530,7
1480,471,1679,6
1481,471,2068,7
1482,471,2066,2
1483,471,6972,7
1484,471,669,1
1485,471,306,5
1486,471,4072,7
1487,471,8167,7
1488,471,715,7
1489,471,3568,2
1490,471,2065,7
1491,471,2063,7
1492,471,1470,1
1493,471,3569,7
1494,471,3464,5
1495,471,872,2
1496,471,4610,7
1497,471,4326,7
1498,471,7979,7
1499,471,3581,2
1500,471,1605,5
1501,473,4601,7
1502,473,7954,7
1503,473,493,7
1504,695,1350,1
1505,695,7654,1
1506,75,2109,7
1507,75,2110,7
1508,75,3642,7
1509,75,7266,5
1510,75,4681,7
1511,75,2106,7
1512,75,900,2
1513,75,6738,7
1514,75,7261,3
1515,75,49,3
1516,75,1390,7
1517,75,3668,7
1518,75,3113,7
1519,75,8305,7
1520,75,2128,7
1521,75,1831,7
1522,75,2818,7
1523,75,6776,7
1524,75,3115,7
1525,75,849,2
1526,75,3648,7
1527,75,524,7
1528,75,2107,7
1529,75,6777,7
1530,75,1832,7
1531,75,6778,7
1532,75,7252,2
1533,75,6737,7
1534,75,1841,7
1535,75,4215,7
1536,75,5115,7
1537,75,3128,5
1538,75,493,2
1539,75,7290,5
1540,75,7268,7
1541,75,3659,7
1542,75,1842,7
1543,75,2127,7
1544,75,7674,7
1545,75,885,2
1546,75,3620,7
1547,75,3657,7
1548,75,4696,7
1549,75,3663,3
1550,75,2143,7
1551,75,2142,7
1552,75,3658,7
1553,75,26,3
1554,75,2147,3
1555,75,5343,3
1556,75,907,3
1557,75,1368,7
1558,75,4422,7
1559,75,3365,7
1560,75,2076,2
1561,75,5395,7
1562,75,5415,3
1563,75,7990,7
1564,75,919,5
1565,75,5509,3
1566,75,3117,3
1567,75,3660,7
1568,75,525,7
1569,75,3647,7
1570,75,3053,7
1571,75,3111,7
1572,75,5426,2
1573,75,3112,7
1574,75,57,5
1575,1182,6744,4
1576,1100,2459,4
1577,1183,5455,4
1578,1457,493,7
1579,821,7114,2
1580,821,8216,2
1581,821,8217,7
1582,821,4690,2
1583,1025,5182,4
1584,209,6914,1
1585,209,6918,1
1586,209,6913,1
1587,492,7389,1
1588,1458,5088,4
1589,1458,902,1
1590,1458,6479,4
1591,1458,8580,1
1592,1458,7173,4
1593,1458,8077,6
1594,1458,3678,5
1595,1458,7654,1
1596,1458,7717,4
1597,1458,2115,1
1598,1458,2875,4
1599,1458,3654,1
1600,1458,5699,4
1601,1458,8581,1
1602,1458,5150,4
1603,1458,88,1
1604,1458,3778,4
1605,1458,6525,4
1606,1458,8292,1
1607,1458,3144,1
1608,1458,3729,4
1609,1458,4652,4
1610,1458,1838,1
1611,1458,7166,4
1612,1458,5139,4
1613,1458,3730,4
1614,1458,2931,4
1615,1458,3779,1
1616,1458,3655,1
1617,1458,8105,4
1618,1458,4084,4
1619,1458,1698,1
1620,1458,4852,5
1621,1458,5579,4
1622,1458,6621,4
1623,1458,7163,4
1624,1458,3731,4
1625,1458,7161,1
1626,1458,5317,4
1627,1458,1350,1
1628,1458,5578,4
1629,772,7861,4
1630,772,5527,4
1631,772,5785,4
1632,772,4904,4
1633,772,7654,1
1634,772,4498,4
1635,772,5464,2
1636,772,2808,4
1637,772,5989,4
1638,1150,5302,7
1639,481,493,6
1640,482,2074,7
1641,482,1301,7
1642,482,4642,7
1643,482,8519,7
1644,482,1298,7
1645,482,2015,7
1646,482,7320,3
1647,482,1092,3
1648,482,8514,7
1649,482,2017,7
1650,482,7960,3
1651,482,3338,7
1652,482,1304,7
1653,482,3331,7
1654,482,8521,7
1655,482,1658,7
1656,482,8233,7
1657,482,4641,2
1658,482,7220,7
1659,482,397,2
1660,482,2800,3
1661,482,6623,7
1662,482,4643,2
1663,482,4365,2
1664,482,2029,7
1665,482,4374,3
1666,482,7777,3
1667,482,7988,7
1668,482,7074,7
1669,482,7073,7
1670,482,1300,7
1671,482,8565,7
1672,482,1299,7
1673,482,8432,3
1674,482,4064,7
1675,482,2018,7
1676,482,4068,7
1677,482,1666,7
1678,482,7985,7
1679,482,8520,7
1680,482,4662,7
1681,482,8510,7
1682,482,1659,7
1683,482,1303,7
1684,482,8518,7
1685,482,1306,7
1686,482,493,7
1687,482,1222,7
1688,482,8517,1
1689,1026,2805,5
1690,1026,1660,5
1691,1026,1589,4
1692,1026,5725,4
1693,1026,2296,1
1694,1026,7654,1
1695,1026,6603,1
1696,1026,6207,1
1697,1026,3317,4
1698,1026,3179,3
1699,1026,7092,4
1700,1026,4056,5
1701,1026,7094,4
1702,1026,7520,5
1703,1026,1635,5
1704,1026,6002,1
1705,1308,5098,4
1706,1473,1361,7
1707,1045,5,7
1708,1033,7079,1
1709,1033,6991,1
1710,1033,4874,4
1711,1033,7078,4
1712,1033,6982,1
1713,1033,1963,4
1714,1033,7902,4
1715,1033,4873,4
1716,1033,3970,4
1717,1033,3971,4
1718,716,6953,4
1719,716,5400,1
1720,716,319,1
1721,716,4860,1
1722,1002,7654,1
1723,92,3132,1
1724,92,4406,4
1725,92,1350,1
1726,92,6472,4
1727,92,233,1
1728,1126,493,7
1729,826,1655,4
1730,826,6536,4
1731,826,1350,1
1732,826,5226,4
1733,826,3951,5
1734,826,1224,4
1735,826,5239,4
1736,826,8180,4
1737,826,404,1
1738,826,222,5
1739,826,1223,6
1740,826,2768,4
1741,826,1610,4
1742,826,6511,4
1743,826,6133,4
1744,826,7225,5
1745,826,7654,1
1746,826,7183,1
1747,826,5243,4
1748,826,5312,4
1749,826,6143,4
1750,635,8315,7
1751,635,5449,9
1752,635,5323,9
1753,635,2132,4
1754,635,5451,9
1755,635,5450,9
1756,635,5452,8
1757,635,4911,5
1758,635,75,4
1759,635,7840,5
1760,635,2890,5
1761,635,3133,5
1762,635,3355,5
1763,635,2742,4
1764,635,6319,4
1765,635,1448,5
1766,636,5488,9
1767,636,5608,9
1768,636,5605,8
1769,636,5606,9
1770,636,5607,8
1771,1488,776,6
1772,1488,1652,2
1773,1489,1350,1
1774,1489,7654,1
1775,298,5533,5
1776,298,1350,1
1777,298,5502,1
1778,298,5501,1
1779,298,7654,1
1780,298,8120,4
1781,298,5141,5
1782,99,4098,7
1783,99,5278,1
1784,99,4929,6
1785,99,5276,6
1786,99,489,7
1787,99,100,1
1788,99,7626,7
1789,99,3071,7
1790,99,2309,6
1791,99,8247,7
1792,99,8246,7
1793,99,7627,7
1794,99,493,7
1795,99,4050,5
1796,99,2046,2
1797,99,3865,5
1798,99,5124,5
1799,99,2047,7
1800,99,2351,6
1801,99,488,7
1802,100,4489,7
1803,100,6906,2
1804,100,6910,7
1805,100,5230,7
1806,100,1957,7
1807,100,6907,7
1808,100,2453,7
1809,1125,7473,2
1810,1125,2254,4
1811,1125,2253,1
1812,1125,2194,4
1813,1125,1581,2
1814,1125,4049,4
1815,1125,6435,1
1816,1125,493,7
1817,1125,7358,4
1818,1125,8456,4
1819,1125,1582,2
1820,1125,4683,7
1821,1125,1579,2
1822,1125,2252,4
1823,1125,8424,2
1824,1125,1583,1
1825,1125,1580,8
1826,858,7654,1
1827,1048,8158,7
1828,1048,6958,1
1829,1048,4772,1
1830,1048,5657,1
1831,1048,5652,1
1832,1048,5864,6
1833,1048,6957,1
1834,1048,5863,6
1835,1048,4771,1
1836,1048,5655,1
1837,1048,8157,1
1838,1048,5658,1
1839,1197,1350,4
1840,1197,7654,1
1841,1197,5563,4
1842,643,4211,2
1843,643,76,2
1844,643,2108,1
1845,1050,2872,4
1846,1050,4788,4
1847,1050,6974,4
1848,1050,5879,4
1849,306,2971,1
1850,306,2972,1
1851,306,7654,1
1852,306,6057,9
1853,306,1350,1
1854,648,493,2
1855,831,4821,7
1856,831,92,7
1857,831,1033,3
1858,831,3702,7
1859,831,3841,7
1860,831,7783,2
1861,831,3202,7
1862,831,5819,3
1863,831,3844,7
1864,831,473,5
1865,831,5851,3
1866,831,3203,7
1867,831,1485,7
1868,831,7353,7
1869,831,1890,7
1870,831,569,7
1871,831,8118,2
1872,831,7782,7
1873,831,325,3
1874,831,1893,3
1875,831,7354,7
1876,831,6923,3
1877,831,3822,7
1878,831,7352,7
1879,831,82,7
1880,831,571,7
1881,831,160,2
1882,831,1891,7
1883,831,5172,7
1884,831,4278,7
1885,831,6922,7
1886,831,7355,3
1887,831,1902,2
1888,831,8318,2
1889,831,4841,3
1890,831,3405,2
1891,831,6924,7
1892,831,1459,7
1893,831,1035,3
1894,831,1439,7
1895,831,572,7
1896,831,3706,7
1897,831,5849,3
1898,831,327,3
1899,831,570,7
1900,1354,1350,1
1901,1354,4401,7
1902,1354,7654,1
1903,1278,6726,4
1904,1278,5391,4
1905,1278,7628,4
1906,1278,5358,4
1907,1278,2130,4
1908,1278,7654,1
1909,1280,1350,1
1910,1280,7654,1
1911,493,7654,1
1912,493,6339,1
1913,1284,1628,5
1914,1284,1125,2
1915,1284,7861,7
1916,1284,5249,2
1917,1284,1169,2
1918,1284,1170,2
1919,1284,2958,2
1920,1284,5292,2
1921,1284,4490,2
1922,1284,7385,7
1923,1284,3821,2
1924,1284,7049,7
1925,1284,3264,7
1926,1284,3967,7
1927,1284,8219,7
1928,1284,493,6
1929,1284,1987,7
1930,1284,7906,2
1931,1284,343,7
1932,1284,3547,2
1933,1284,1627,6
1934,208,772,7
1935,208,1840,7
1936,208,2118,7
1937,208,2133,2
1938,208,3830,2
1939,208,3851,7
1940,208,1126,2
1941,208,3825,7
1942,208,1376,7
1943,208,6954,7
1944,208,1130,7
1945,208,1672,7
1946,793,4654,4
1947,793,1307,7
1948,793,8545,4
1949,793,1729,4
1950,793,3520,4
1951,793,493,2
1952,308,7334,1
1953,127,1456,1
1954,127,7654,1
1955,127,1350,1
1956,127,4517,4
1957,127,1064,4
1958,127,983,5
1959,925,2695,3
1960,925,1811,1
1961,925,3505,1
1962,774,1540,7
1963,774,493,7
1964,309,1095,7
1965,309,7017,2
1966,309,7044,7
1967,309,2485,7
1968,309,1098,7
1969,309,3470,7
1970,309,7018,7
1971,309,7080,7
1972,309,7084,7
1973,309,7016,7
1974,309,7045,7
1975,309,7046,7
1976,309,2994,7
1977,309,7043,7
1978,309,2487,7
1979,309,7085,7
1980,309,7496,7
1981,309,7015,7
1982,309,7081,7
1983,309,8190,7
1984,309,4557,7
1985,309,3250,7
1986,309,4971,7
1987,309,7083,7
1988,309,6937,7
1989,770,7414,2
1990,770,3650,6
1991,770,536,7
1992,770,3551,7
1993,770,3188,7
1994,770,3097,2
1995,770,6320,7
1996,770,4935,5
1997,770,1847,7
1998,770,5271,7
1999,770,6786,7
2000,770,5270,7
2001,770,2000,2
2002,770,3614,4
2003,770,1353,7
2004,770,8004,7
2005,770,3555,7
2006,770,1246,5
2007,770,493,6
2008,770,5277,7
2009,770,8311,7
2010,770,2001,7
2011,770,3100,2
2012,770,4711,7
2013,770,3092,7
2014,770,3099,6
2015,770,4712,7
2016,770,8002,2
2017,770,7787,6
2018,770,1367,5
2019,770,2002,7
2020,770,2148,2
2021,770,4893,7
2022,770,3101,2
2023,770,1460,7
2024,770,1398,7
2025,770,3549,7
2026,770,4552,5
2027,770,4713,7
2028,770,3942,2
2029,770,6287,7
2030,770,6926,7
2031,770,1252,7
2032,771,6928,6
2033,771,2013,2
2034,771,2012,2
2035,771,3363,6
2036,771,3996,7
2037,771,4427,7
2038,771,546,7
2039,771,2011,7
2040,771,6926,6
2041,771,1461,7
2042,771,7882,7
2043,1311,7654,1
2044,654,7388,7
2045,1290,4292,7
2046,1290,6379,7
2047,1290,6378,7
2048,1290,2579,2
2049,1290,1752,7
2050,1290,4497,7
2051,839,7594,2
2052,839,5111,2
2053,839,3361,7
2054,839,4404,6
2055,839,2076,2
2056,839,3358,7
2057,839,3360,7
2058,839,493,7
2059,840,493,7
2060,840,4972,2
2061,1294,1848,4
2062,1294,7654,1
2063,1294,3488,7
2064,1294,3699,4
2065,1294,3046,4
2066,1294,158,3
2067,1294,5063,1
2068,1355,927,6
2069,1355,1350,4
2070,1355,5424,5
2071,1355,8309,5
2072,1355,2928,1
2073,1355,5672,1
2074,1355,8112,1
2075,1355,8308,6
2076,1355,6800,6
2077,1355,3394,6
2078,1355,2893,6
2079,1355,4213,6
2080,1355,4440,1
2081,1355,6795,5
2082,841,4279,7
2083,841,6944,7
2084,841,3860,7
2085,44,6612,1
2086,44,6476,1
2087,44,6416,1
2088,44,493,2
2089,44,5263,1
2090,713,7654,6
2091,135,7654,1
2092,136,1350,1
2093,136,7654,1
2094,235,8575,4
2095,235,3613,5
2096,235,1350,1
2097,235,6662,4
2098,235,8240,4
2099,235,3598,1
2100,235,4185,4
2101,235,2829,4
2102,235,7654,1
2103,235,1326,1
2104,144,493,2
2105,850,3666,2
2106,145,4268,4
2107,145,4266,4
2108,145,4270,4
2109,145,4269,4
2110,145,1350,1
2111,145,7654,1
2112,1305,5259,7
2113,1305,493,2
2114,524,7654,1
2115,524,493,2
2116,524,5630,4
2117,153,1350,1
2118,222,1067,7
2119,222,1066,2
2120,222,852,7
2121,222,7654,2
2122,222,493,7
2123,222,2,7
2124,222,7409,7
2125,222,7410,7
2126,222,763,7
2127,222,4876,7
2128,222,3875,2
2129,222,4877,2
2130,222,4878,7
2131,166,3356,7
2132,697,1145,4
2133,697,1350,1
2134,697,6276,4
2135,697,5905,4
2136,697,2577,4
2137,697,6943,4
2138,697,6015,4
2139,697,6188,4
2140,697,7718,4
2141,697,2569,4
2142,697,7654,1
2143,697,2267,4
2144,697,2625,1
2145,697,2468,4
2146,1074,7654,1
2147,1074,6406,5
2148,1076,1336,4
2149,1076,541,4
2150,1076,543,4
2151,1076,3644,4
2152,1076,285,4
2153,1076,1410,4
2154,1076,882,4
2155,1076,53,4
2156,1076,2876,4
2157,1076,55,3
2158,1076,561,4
2159,1076,5439,4
2160,1076,7483,4
2161,1076,3772,4
2162,1076,3643,4
2163,1076,2152,4
2164,1076,8544,4
2165,1076,4937,1
2166,1076,8339,4
2167,1076,7287,4
2168,1076,5554,7
2169,1076,8322,4
2170,1076,6930,4
2171,1076,818,4
2172,1076,3388,3
2173,1076,6756,4
2174,1076,5609,4
2175,1076,946,4
2176,1076,3238,4
2177,1076,1955,4
2178,1076,5100,4
2179,1076,4264,4
2180,1076,4514,4
2181,1076,7285,4
2182,1076,7033,5
2183,1076,7789,4
2184,1076,2149,1
2185,1076,7320,4
2186,1076,65,4
2187,1076,2220,4
2188,1076,4756,4
2189,1076,4591,4
2190,1076,2221,4
2191,1076,1350,4
2192,1076,5445,4
2193,1076,5553,4
2194,1076,2880,4
2195,1076,2145,4
2196,1076,3906,4
2197,1076,2300,4
2198,1076,6857,4
2199,1076,3386,4
2200,1076,512,4
2201,1076,1334,4
2202,1076,51,4
2203,1076,68,4
2204,1076,8540,4
2205,1076,560,4
2206,1076,7288,3
2207,1076,1953,4
2208,1076,66,4
2209,1076,5444,4
2210,1076,3076,4
2211,1076,64,4
2212,1076,2357,4
2213,1076,1918,4
2214,1076,3159,4
2215,1076,5099,4
2216,1076,1335,4
2217,1076,3385,4
2218,1076,542,4
2219,1076,3840,4
2220,1076,945,4
2221,1076,2151,4
2222,1076,3390,4
2223,1076,3455,4
2224,1076,3123,3
2225,1076,8543,4
2226,1076,7869,4
2227,1076,5549,4
2228,1076,7286,4
2229,1076,1910,4
2230,1076,5446,4
2231,1076,2883,4
2232,1076,7884,3
2233,1076,2144,4
2234,1076,3473,4
2235,1076,3242,4
2236,1076,8331,4
2237,1076,1036,4
2238,1076,3037,4
2239,1076,3637,4
2240,1076,5612,4
2241,1076,1100,4
2242,1076,2222,4
2243,1076,3566,4
2244,1076,3121,4
2245,1076,5557,4
2246,1076,7313,4
2247,1076,5442,4
2248,1076,315,4
2249,1076,1032,4
2250,1076,7434,4
2251,1076,3924,4
2252,1076,6856,4
2253,1076,3384,4
2254,1076,3122,4
2255,1076,3393,4
2256,1076,7870,4
2257,1076,8397,4
2258,1076,4217,4
2259,1076,5120,5
2260,1076,4313,4
2261,1076,1867,4
2262,1076,5101,4
2263,1076,1094,4
2264,1076,3038,4
2265,1076,3077,4
2266,1076,1339,4
2267,1076,1337,4
2268,1076,5611,4
2269,1076,3075,4
2270,1076,2885,4
2271,1076,1338,4
2272,1076,3391,4
2273,1076,7654,1
2274,169,497,8
2275,169,8587,8
2276,169,1350,1
2277,169,2076,8
2278,169,496,8
2279,1134,7654,1
2280,261,5521,1
2281,261,7654,1
2282,261,5704,1
2283,261,2076,1
2284,261,860,9
2285,658,7654,1
2286,1314,3007,7
2287,1314,1249,7
2288,1314,8530,7
2289,1314,1248,7
2290,1314,7149,7
2291,1314,1971,2
2292,1314,1973,2
2293,1314,1972,2
2294,1474,493,6
2295,1053,8319,4
2296,1053,4989,4
2297,1053,786,4
2298,1053,1350,1
2299,1053,4990,4
2300,671,7156,7
2301,671,2054,7
2302,671,6546,7
2303,671,3364,7
2304,671,8539,7
2305,671,7175,7
2306,671,4137,7
2307,671,8017,7
2308,671,428,7
2309,671,6655,7
2310,671,402,7
2311,671,7654,1
2312,671,2096,7
2313,671,4173,7
2314,671,8284,7
2315,671,2055,7
2316,671,7184,7
2317,671,3571,7
2318,672,4067,2
2319,672,3534,7
2320,672,1194,6
2321,672,8285,6
2322,672,7248,2
2323,672,7251,2
2324,672,8097,6
2325,672,8578,6
2326,672,5107,7
2327,672,500,7
2328,672,6515,6
2329,672,1999,7
2330,672,4182,6
2331,672,4605,7
2332,672,5105,7
2333,672,3630,6
2334,672,3088,6
2335,672,490,7
2336,672,6749,6
2337,672,6746,6
2338,672,7664,6
2339,672,7625,7
2340,672,6514,7
2341,672,8286,6
2342,672,798,7
2343,672,493,7
2344,672,1823,6
2345,672,3029,7
2346,672,6512,7
2347,672,3089,6
2348,672,7637,7
2349,672,6513,7
2350,672,2076,2
2351,137,493,7
2352,137,1945,7
2353,137,3412,4
2354,1316,4096,4
2355,1316,4218,4
2356,1316,2215,4
2357,1316,8172,4
2358,1316,3601,4
2359,1316,994,4
2360,1316,5991,4
2361,1316,1350,1
2362,1316,7654,1
2363,1316,2917,4
2364,1316,167,4
2365,1316,3602,4
2366,1316,1958,5
2367,674,493,7
2368,1077,1350,4
2369,1077,1233,7
2370,1077,7594,7
2371,1077,7527,7
2372,1077,1691,2
2373,1077,1728,7
2374,1077,2635,2
2375,1077,5309,2
2376,1077,6315,6
2377,1077,433,7
2378,1077,879,7
2379,1077,5255,1
2380,1077,4343,7
2381,1077,7513,4
2382,1077,7930,7
2383,1077,1726,7
2384,1077,4992,2
2385,1077,3554,8
2386,1077,2031,7
2387,1077,432,7
2388,1077,2600,6
2389,1077,8529,7
2390,1077,7113,7
2391,1077,1232,7
2392,1077,8528,7
2393,1077,1392,2
2394,877,5483,4
2395,877,8481,4
2396,877,5484,4
2397,877,3403,4
2398,877,7289,4
2399,877,3683,4
2400,877,7703,4
2401,877,5428,4
2402,877,6821,4
2403,877,7654,1
2404,877,5827,1
2405,877,5429,4
2406,877,1385,4
2407,877,5403,4
2408,877,1350,4
2409,877,5402,4
2410,491,555,4
2411,491,493,6
2412,1080,5352,1
2413,1080,7719,1
2414,1080,7654,1
2415,1080,4722,1
2416,1080,1350,4
2417,183,1432,6
2418,183,5621,4
2419,183,750,4
2420,183,5653,1
2421,183,7654,1
2422,183,2255,1
2423,183,137,5
2424,183,2239,1
2425,183,3320,6
2426,183,809,4
2427,183,7111,6
2428,183,3527,6
2429,183,8287,3
2430,183,4083,6
2431,183,3696,1
2432,183,3745,1
2433,183,2037,6
2434,183,971,6
2435,183,936,6
2436,183,4245,1
2437,183,1344,6
2438,183,8133,1
2439,183,1350,1
2440,183,4784,5
2441,183,1886,1
2442,183,134,5
2443,183,3170,1
2444,183,3487,6
2445,183,6846,6
2446,183,3847,5
2447,183,7774,5
2448,183,7474,4
2449,183,977,6
2450,183,7187,6
2451,183,8342,6
2452,183,726,4
2453,183,3509,6
2454,183,4024,3
2455,183,2915,1
2456,183,4763,4
2457,183,2916,6
2458,183,3194,3
2459,183,8126,4
2460,183,5599,5
2461,183,7603,6
2462,183,7744,4
2463,183,7767,1
2464,183,6757,5
2465,183,7324,1
2466,183,3708,5
2467,183,2896,5
2468,183,1554,5
2469,183,5598,3
2470,183,6858,1
2471,183,1438,5
2472,183,3933,5
2473,183,6996,6
2474,183,7752,1
2475,183,5585,1
2476,183,7757,6
2477,183,1483,4
2478,183,1883,1
2479,183,799,4
2480,183,1029,5
2481,183,4729,3
2482,183,3756,1
2483,183,2911,1
2484,183,4768,6
2485,183,4256,6
2486,183,6877,1
2487,183,7716,5
2488,183,8131,5
2489,183,2229,3
2490,183,2248,4
2491,183,8134,1
2492,183,111,4
2493,183,6832,5
2494,183,4254,5
2495,183,1424,5
2496,183,4255,5
2497,183,2230,4
2498,183,6312,5
2499,183,6835,3
2500,183,4653,5
2501,183,3416,1
2502,183,127,5
2503,183,6648,5
2504,183,7678,6
2505,183,965,4
2506,183,4250,1
2507,183,1253,3
2508,183,918,6
2509,183,7823,3
2510,183,6876,1
2511,183,1887,4
2512,183,1412,5
2513,183,6875,1
2514,183,3345,6
2515,183,4148,6
2516,183,5075,5
2517,183,1525,6
2518,183,4251,4
2519,183,1358,5
2520,183,3349,6
2521,183,3151,6
2522,183,7748,1
2523,183,3776,1
2524,183,1442,1
2525,183,1879,1
2526,183,4776,6
2527,183,2894,5
2528,183,4613,5
2529,183,5154,4
2530,183,2236,4
2531,183,6827,5
2532,183,4457,5
2533,183,5156,5
2534,183,3010,4
2535,183,5541,5
2536,183,3746,5
2537,183,645,4
2538,183,3775,5
2539,183,593,5
2540,183,3583,6
2541,183,7760,5
2542,183,8332,1
2543,183,670,4
2544,183,6849,4
2545,183,4466,6
2546,183,6826,5
2547,183,4786,5
2548,183,8344,4
2549,183,1423,5
2550,183,3546,6
2551,183,6845,3
2552,183,7745,1
2553,183,972,5
2554,183,8333,1
2555,183,105,5
2556,183,8135,4
2557,183,7766,1
2558,183,4773,5
2559,183,4262,4
2560,183,4221,6
2561,183,6764,5
2562,183,8345,4
2563,183,7326,4
2564,183,7342,6
2565,183,2924,5
2566,183,973,5
2567,183,7321,1
2568,183,962,5
2569,183,5157,1
2570,183,964,4
2571,183,6796,5
2572,183,3346,6
2573,183,588,4
2574,183,3762,4
2575,183,4750,5
2576,183,2242,4
2577,183,121,1
2578,183,2219,1
2579,183,2240,1
2580,183,3234,3
2581,183,7740,1
2582,183,966,1
2583,183,1420,1
2584,183,6860,4
2585,183,1876,5
2586,183,4237,1
2587,183,6879,3
2588,183,7110,6
2589,183,5587,4
2590,183,3883,6
2591,183,4436,3
2592,183,7768,1
2593,183,646,6
2594,183,1665,6
2595,183,2235,4
2596,183,2247,1
2597,183,7143,6
2598,183,7761,1
2599,183,4244,1
2600,183,963,1
2601,183,4220,6
2602,183,4194,5
2603,183,1377,5
2604,183,1369,5
2605,183,7733,5
2606,183,724,6
2607,183,4253,5
2608,183,5540,5
2609,183,3214,6
2610,183,4465,5
2611,183,7759,5
2612,183,2926,5
2613,183,7329,5
2614,183,4268,1
2615,183,7516,5
2616,183,4766,5
2617,183,7747,4
2618,183,597,5
2619,183,7763,1
2620,183,4426,5
2621,183,5586,4
2622,183,6863,4
2623,183,128,4
2624,183,5622,6
2625,183,3510,5
2626,183,951,5
2627,183,3167,4
2628,183,3674,5
2629,183,1397,5
2630,183,7328,5
2631,183,3767,4
2632,183,3268,3
2633,183,5128,6
2634,183,8127,1
2635,183,4785,6
2636,183,5620,5
2637,183,120,4
2638,183,5604,5
2639,183,7732,1
2640,183,4463,5
2641,183,1418,5
2642,183,2910,4
2643,183,5159,5
2644,183,6542,6
2645,183,6765,1
2646,183,7758,6
2647,183,6799,5
2648,183,749,4
2649,183,7773,5
2650,183,5153,1
2651,183,6635,5
2652,183,4239,1
2653,183,5619,1
2654,183,762,4
2655,183,708,5
2656,183,4242,5
2657,183,6859,4
2658,183,3526,6
2659,183,112,1
2660,183,1372,5
2661,183,6840,5
2662,183,4094,5
2663,183,4747,5
2664,183,138,1
2665,183,725,6
2666,183,4775,5
2667,183,7700,5
2668,183,4767,5
2669,183,7322,4
2670,183,7325,1
2671,183,1878,5
2672,183,3511,6
2673,183,6823,5
2674,183,4240,6
2675,183,1384,5
2676,183,5458,3
2677,183,139,1
2678,183,970,5
2679,183,6841,5
2680,183,4261,6
2681,182,1216,7
2682,182,1620,6
2683,182,431,7
2684,182,383,4
2685,182,7559,7
2686,182,4000,7
2687,182,4001,7
2688,182,4002,2
2689,182,384,7
2690,182,3237,5
2691,182,5165,6
2692,182,4626,2
2693,182,209,7
2694,182,2698,2
2695,182,7999,7
2696,182,7935,7
2697,182,7535,5
2698,182,7998,7
2699,182,2620,4
2700,182,1619,5
2701,182,6254,2
2702,182,7534,5
2703,182,7652,7
2704,182,4991,2
2705,182,4627,2
2706,182,3517,2
2707,182,6330,7
2708,182,2058,7
2709,182,862,2
2710,182,4058,7
2711,182,6499,2
2712,182,4003,2
2713,182,3619,7
2714,182,7521,2
2715,182,3558,7
2716,182,7936,2
2717,182,1218,2
2718,182,8608,7
2719,182,7995,7
2720,182,486,7
2721,182,7560,7
2722,182,6833,2
2723,182,2602,7
2724,182,4059,2
2725,182,5104,7
2726,182,1215,2
2727,182,6255,3
2728,182,2610,7
2729,182,3559,7
2730,182,2614,2
2731,182,4400,2
2732,182,3279,5
2733,182,1989,7
2734,182,7386,2
2735,182,1213,7
2736,182,7536,5
2737,182,2606,7
2738,182,3518,2
2739,182,4060,2
2740,182,4054,6
2741,182,8218,5
2742,182,4004,2
2743,182,1217,7
2744,182,7247,7
2745,182,7557,2
2746,182,2607,7
2747,182,2608,2
2748,182,493,7
2749,182,2697,7
2750,182,2615,2
2751,182,4586,2
2752,182,487,7
2753,182,2076,2
2754,182,7997,7
2755,182,2696,7
2756,182,1656,7
2757,182,7993,7
2758,182,2611,2
2759,182,7996,7
2760,182,7994,7
2761,182,1065,2
2762,182,2603,7
2763,182,3557,7
2764,182,1505,2
2765,182,3519,7
2766,182,4061,7
2767,182,1214,7
2768,182,7555,7
2769,182,4628,2
2770,182,2609,7
2771,182,7556,7
2772,182,8474,7
2773,182,2601,5
2774,184,4755,6
2775,184,5801,1
2776,184,7372,6
2777,184,198,6
2778,184,3837,6
2779,184,4380,6
2780,184,8087,6
2781,184,2384,1
2782,184,5847,6
2783,184,6816,6
2784,184,5815,6
2785,184,3451,5
2786,184,3415,6
2787,184,8410,6
2788,184,3212,1
2789,184,218,5
2790,184,3808,6
2791,184,4472,6
2792,184,7448,6
2793,184,547,6
2794,184,7550,6
2795,184,7291,6
2796,184,3781,6
2797,184,5792,6
2798,184,7048,5
2799,184,1500,1
2800,184,5993,1
2801,184,6817,1
2802,184,4503,6
2803,184,4534,5
2804,184,5883,1
2805,184,1527,1
2806,184,2124,6
2807,184,5210,6
2808,184,3442,6
2809,184,922,6
2810,184,7691,6
2811,184,4415,6
2812,184,1865,6
2813,184,5848,6
2814,184,3402,6
2815,184,3445,6
2816,184,6851,6
2817,184,8411,6
2818,184,3864,6
2819,184,8456,5
2820,184,5394,6
2821,184,559,6
2822,184,221,6
2823,184,4549,5
2824,184,5854,5
2825,184,6767,5
2826,184,5185,6
2827,184,4777,5
2828,184,5945,6
2829,184,5053,6
2830,184,3627,6
2831,184,5953,6
2832,184,4629,6
2833,184,4596,6
2834,184,3461,5
2835,184,5922,1
2836,184,3211,1
2837,184,6951,6
2838,184,1024,6
2839,184,1054,1
2840,184,1350,4
2841,184,4177,6
2842,184,7838,5
2843,184,5673,6
2844,184,6889,1
2845,184,41,6
2846,184,5800,4
2847,184,1279,6
2848,184,7731,6
2849,184,2937,6
2850,184,7569,6
2851,184,1511,5
2852,184,6865,6
2853,184,1603,5
2854,184,3137,6
2855,184,1084,1
2856,184,5970,5
2857,184,1342,6
2858,184,1049,5
2859,184,1089,6
2860,184,5869,1
2861,184,5944,1
2862,184,782,6
2863,184,4425,6
2864,184,7851,6
2865,184,2930,6
2866,184,3806,5
2867,184,2703,6
2868,184,3197,5
2869,184,7008,6
2870,184,7841,6
2871,184,5882,4
2872,184,3877,5
2873,184,4678,6
2874,184,930,6
2875,184,7398,6
2876,184,7227,6
2877,184,3528,5
2878,184,4625,6
2879,184,8159,6
2880,184,6900,1
2881,184,224,6
2882,184,1053,1
2883,184,7399,6
2884,184,2944,6
2885,184,2319,6
2886,184,5794,6
2887,184,4927,6
2888,184,5617,1
2889,184,440,6
2890,184,4485,6
2891,184,910,6
2892,184,7437,6
2893,184,5992,6
2894,184,6971,5
2895,184,4290,6
2896,184,5134,6
2897,184,3562,6
2898,184,2199,6
2899,878,7458,5
2900,878,1359,1
2901,878,3494,6
2902,878,3997,1
2903,878,174,1
2904,878,7654,1
2905,878,4026,1
2906,878,5262,1
2907,878,3603,1
2908,878,5220,5
2909,878,4087,1
2910,959,5106,7
2911,879,1735,7
2912,879,1745,7
2913,879,7613,7
2914,879,1736,7
2915,879,2793,7
2916,879,8153,7
2917,879,3897,7
2918,879,8152,7
2919,879,2792,7
2920,879,7614,7
2921,879,7863,7
2922,879,1073,7
2923,879,2447,7
2924,879,1071,7
2925,879,2794,7
2926,879,3223,7
2927,879,2449,7
2928,879,2448,7
2929,879,1746,2
2930,879,1744,2
2931,879,7615,7
2932,879,8154,7
2933,559,6128,1
2934,503,7654,1
2935,191,6367,2
2936,191,764,7
2937,191,8501,4
2938,880,1393,7
2939,880,7037,2
2940,880,4322,2
2941,880,7009,7
2942,561,5168,7
2943,696,493,7
2944,696,765,2
2945,696,7601,6
2946,696,6715,6
2947,696,1258,7
2948,696,23,7
2949,696,5248,2
2950,165,1350,1
2951,165,7654,1
2952,562,5168,7
2953,563,6636,7
2954,563,5176,2
2955,563,5177,2
2956,563,5702,7
2957,563,5701,7
2958,801,1350,1
2959,801,7654,1
2960,705,1284,2
2961,705,3541,2
2962,705,4047,7
2963,705,1285,7
2964,705,453,2
2965,705,1288,7
2966,705,3304,2
2967,705,7577,7
2968,705,1749,3
2969,705,3570,7
2970,705,3537,7
2971,705,5028,2
2972,705,4655,7
2973,705,8511,7
2974,705,8503,2
2975,705,831,2
2976,705,5017,7
2977,705,7495,7
2978,705,7494,7
2979,705,3054,7
2980,705,4637,2
2981,705,1290,7
2982,705,1996,7
2983,705,744,7
2984,705,3544,7
2985,705,8222,7
2986,705,7962,2
2987,705,8504,7
2988,705,4350,2
2989,705,5029,2
2990,705,1295,2
2991,705,1647,2
2992,705,5019,7
2993,705,7112,7
2994,705,1144,7
2995,705,493,2
2996,705,7545,2
2997,705,7967,7
2998,705,4353,2
2999,705,3525,7
3000,705,8221,2
3001,705,4046,7
3002,705,358,2
3003,705,7968,7
3004,705,7963,7
3005,705,1289,7
3006,705,5268,2
3007,705,5020,2
3008,705,1810,7
3009,705,7973,7
3010,705,1282,7
3011,705,1287,7
3012,705,4658,2
3013,705,3313,2
3014,705,4578,2
3015,705,4622,2
3016,705,1208,2
3017,705,7971,7
3018,705,1260,6
3019,705,8079,2
3020,705,7964,7
3021,705,1286,7
3022,705,357,7
3023,705,1294,2
3024,705,3543,2
3025,705,1819,7
3026,705,7099,7
3027,705,7980,2
3028,705,4593,7
3029,705,8502,2
3030,705,1648,2
3031,705,1205,7
3032,705,4656,7
3033,705,5083,2
3034,705,1228,7
3035,705,8,7
3036,705,8224,2
3037,705,5025,7
3038,705,8223,7
3039,705,1646,2
3040,705,3542,2
3041,705,1293,2
3042,705,8225,2
3043,705,8561,7
3044,705,8453,7
3045,705,3539,7
3046,705,8509,2
3047,705,6597,4
3048,705,7959,7
3049,705,7972,2
3050,705,3538,7
3051,705,8015,7
3052,705,1615,2
3053,705,6468,7
3054,705,7958,7
3055,705,4354,2
3056,705,1283,2
3057,705,7961,2
3058,705,7546,2
3059,464,493,2
3060,789,1808,7
3061,789,2592,9
3062,789,1815,2
3063,789,3665,2
3064,789,1350,1
3065,898,3152,7
3066,898,7721,2
3067,898,5548,7
3068,898,3725,7
3069,898,7727,2
3070,898,3733,7
3071,898,3737,7
3072,898,5190,2
3073,898,7656,2
3074,898,3158,7
3075,898,3732,7
3076,898,110,7
3077,898,2962,2
3078,898,7655,1
3079,898,3749,7
3080,898,5555,5
3081,898,2076,2
3082,898,3153,7
3083,898,7739,7
3084,898,4836,2
3085,898,5188,2
3086,898,4837,2
3087,898,5546,4
3088,898,7245,7
3089,898,2337,7
3090,898,1871,7
3091,898,4838,2
3092,898,7720,7
3093,898,4399,2
3094,898,7736,2
3095,898,204,2
3096,899,0,1
3097,899,1,2
3098,1092,579,7
3099,1092,4889,7
3100,1092,5289,7
3101,1092,605,7
3102,1092,493,7
3103,1092,2159,7
3104,1092,4888,7
3105,363,6660,2
3106,363,1350,1
3107,363,7654,1
3108,364,493,2
3109,364,1349,8
3110,1094,1350,1
3111,1094,7654,1
3112,1097,7654,1
3113,1097,2368,3
3114,1096,3085,8
3115,1098,7654,1
3116,717,2179,2
3117,717,5179,7
3118,717,5286,7
3119,717,48,7
3120,717,2156,2
3121,717,3796,7
3122,717,2155,7
3123,717,1869,7
3124,717,8419,7
3125,717,7713,7
3126,717,8537,7
3127,717,4421,6
3128,717,1535,5
3129,717,2705,6
3130,717,7596,7
3131,717,5571,6
3132,717,2707,7
3133,717,83,7
3134,717,2177,7
3135,717,8270,3
3136,717,84,7
3137,717,4915,7
3138,717,3406,7
3139,717,2157,7
3140,717,5288,7
3141,717,7553,7
3142,717,2158,7
3143,717,3556,7
3144,717,145,7
3145,717,7164,7
3146,717,935,7
3147,717,2153,7
3148,717,4916,7
3149,717,3373,7
3150,717,2159,7
3151,717,493,2
3152,717,8447,6
3153,717,5289,7
3154,717,2154,7
3155,717,899,2
3156,717,385,7
3157,717,1935,7
3158,717,5180,2
3159,717,5178,7
3160,909,7654,1
3161,909,1350,1
3162,1101,2076,2
3163,1101,6965,7
3164,1101,1789,7
3165,1101,3275,7
3166,1101,492,2
3167,1101,6964,7
3168,1101,493,7
3169,1101,7064,7
3170,1101,7250,7
3171,1101,4853,2
3172,1101,6961,7
3173,1101,6963,7
3174,1089,1874,7
3175,1089,93,7
3176,607,7349,3
3177,607,7654,1
3178,607,4883,1
3179,59,4398,7
3180,59,1440,7
3181,59,493,7
3182,59,2076,2
3183,1344,4614,4
3184,1346,7654,1
3185,1105,5917,6
3186,915,493,6
3187,915,7553,2
3188,915,5287,7
3189,915,2181,2
3190,915,5289,7
3191,915,2706,7
3192,915,2178,7
3193,915,2159,7
3194,915,5286,7
3195,915,7529,2
3196,915,2155,7
3197,915,5288,7
3198,1106,3998,1
3199,1106,8475,1
3200,1106,7654,1
3201,1106,1350,1
3202,167,7654,1
3203,167,1350,1
3204,1109,4065,1
3205,1109,6524,1
3206,1109,6493,6
3207,1109,8227,6
3208,1109,817,5
3209,1109,4585,5
3210,1109,7132,1
3211,1109,816,1
3212,1109,7654,1
3213,1109,1350,1
3214,693,493,2
3215,920,7649,7
3216,920,8030,4
3217,920,6064,7
3218,920,2076,2
3219,920,495,2
3220,920,4679,7
3221,920,7653,7
3222,920,6062,7
3223,920,1351,7
3224,920,853,7
3225,920,7647,7
3226,920,859,2
3227,920,493,7
3228,920,7639,7
3229,920,4192,7
3230,920,4402,7
3231,921,4372,1
3232,921,2076,2
3233,921,6538,5
3234,922,1791,7
3235,922,504,7
3236,922,2076,2
3237,922,861,7
3238,922,2715,2
3239,375,1350,6
3240,343,3839,7
3241,343,7574,6
3242,343,2359,7
3243,343,4085,7
3244,343,2638,7
3245,343,2774,7
3246,343,3310,6
3247,343,493,2
3248,343,7573,6
3249,916,2076,2
3250,916,4682,2
3251,213,2457,7
3252,213,7654,1
3253,213,1350,1
3254,213,850,4
3255,213,644,3
3256,213,5112,4
3257,1118,6739,7
3258,1118,469,7
3259,1118,795,7
3260,1118,7449,5
3261,1118,805,7
3262,1118,7230,7
3263,1118,1677,7
3264,1118,798,7
3265,1118,796,7
3266,1118,3561,2
3267,1118,1237,5
3268,1118,1764,4
3269,1118,2076,2
3270,1118,7232,2
3271,1118,4141,7
3272,1118,6654,4
3273,1118,8558,2
3274,1118,7196,4
3275,1118,8063,2
3276,1118,6670,4
3277,1118,1236,5
3278,1118,468,7
3279,1118,806,7
3280,1118,475,2
3281,1118,807,2
3282,1118,4396,5
3283,1118,1725,2
3284,1118,3622,7
3285,1118,6622,2
3286,1118,8064,7
3287,1118,4390,2
3288,1118,803,7
3289,1118,8011,5
3290,1118,3336,2
3291,1118,800,7
3292,1118,808,7
3293,1118,8062,1
3294,1118,6664,7
3295,1118,2050,4
3296,1118,8554,7
3297,1155,5629,4
3298,1155,8294,4
3299,1155,5486,4
3300,1155,3609,4
3301,1155,5631,4
3302,1155,5573,4
3303,1155,4762,4
3304,1155,5703,4
3305,1155,7179,4
3306,1155,8164,1
3307,1155,7654,1
3308,1155,5614,7
3309,1155,959,1
3310,1155,493,7
3311,1155,6741,4
3312,1155,7638,4
3313,1155,3064,4
3314,1155,2575,6
3315,1155,6742,4
3316,1155,960,4
3317,1155,56,1
3318,1155,2076,1
3319,1155,6606,4
3320,1155,3608,4
